Temp 0C,RH %,SM %,IM%,TM%,VM%,ASH%,FC%,Gross Calorific Value
30,48,2.566788895,4.55,7,28.720905,36.30918,30.419915,4476.427215
30,42,4.452592981,4.55,8.8,23.27071,41.759375,30.419915,3963.476663
32,64,3.941405838,5.11,8.85,27.337809,37.329726,30.222465,4298.863908
31,54,3.448275862,4.88,8.16,26.567016,38.723352,29.829632,4201.180203
31,54,4.352396972,4.88,9.02,26.643112,43.08936,25.387528,3790.268994
33,47,4.562657696,4.88,9.22,24.911928,43.098872,27.1092,3789.373763
32,50,4.404962153,4.88,9.07,26.405312,42.28084,26.433848,3866.363663
32,50,4.594196804,4.88,9.25,26.310192,36.602176,32.207632,4400.816804
33,48,4.583683768,4.88,9.24,26.024832,40.302344,28.792824,4052.571792
33,54,4.489066442,4.88,9.15,30.371816,27.270904,37.47728,5279.038799
33,52,4.289318755,4.88,8.96,28.0604,35.28952,31.77008,4524.358736
33,52,4.089571068,4.88,8.77,28.317224,33.282488,33.520288,4713.252559
33,56,3.490328007,4.88,8.2,27.44212,30.600104,37.077776,4965.707812
32,51,4.289318755,4.88,8.96,25.339968,38.866032,30.914,4187.751732
32,47,4.26023085,4.7,8.76,27.53217,31.80161,35.96622,4878.827673
32,47,3.934942288,4.7,8.45,28.15162,32.04939,35.09899,4855.507611
32,42,4.763903463,4.7,9.24,27.17003,35.21335,32.91662,4557.728351
34,36,4.039874082,4.7,8.55,28.38034,30.21963,36.70003,5027.717303
34,39,4.197271773,4.7,8.7,27.68465,30.03856,37.57679,5044.758887
34,36,4.050367261,4.7,8.56,26.9699,33.1644,35.1657,4750.56733
35,50,4.092339979,4.7,8.6,26.54105,38.64415,30.1148,4234.835179
35,46,3.840503673,4.7,8.36,26.79836,34.08881,34.41283,4663.565558
35,42,3.746065058,4.7,8.27,26.66494,35.7375,32.89756,4508.39745
34,57,3.735571878,4.7,8.26,27.57029,32.96427,34.76544,4769.402765
33,57,4.123819517,4.7,8.63,29.74313,29.49535,36.06152,5095.883639
33,59,3.14795383,4.7,7.7,27.51311,35.91857,31.86832,4491.355866
32,55,3.70409234,4.7,8.23,25.43557,40.54062,29.32381,4056.347008
33,52,4.190355864,5.02,9,27.572694,37.127682,30.279624,4330.979881
33,52,3.979785218,5.02,8.8,28.190064,30.991974,35.797962,4908.448175
33,56,3.558643925,5.02,8.4,25.986528,38.238948,30.754524,4226.39197
32,51,3.874499895,5.02,8.7,28.133076,30.526572,36.320352,4952.24995
32,47,4.085070541,5.02,8.9,26.49942,33.613422,34.867158,4661.727975
32,47,4.03242788,5.02,8.85,26.708376,37.298646,30.972978,4314.889433
32,42,3.621815119,5.02,8.46,27.933618,32.454666,34.591716,4770.785455
34,36,4.400926511,5.02,9.2,23.165622,35.551014,36.263364,4479.369566
34,39,3.625853915,4.85,8.3,25.95692,36.090395,33.102685,4453.350384
34,36,4.151339989,4.85,8.8,27.42223,34.130305,33.597465,4637.826215
35,50,3.962165003,4.85,8.62,28.39276,34.606055,32.151185,4593.050528
35,46,3.541776143,4.85,8.22,26.68006,35.443375,33.026565,4514.245319
35,42,3.5207567,4.85,8.2,25.414565,35.253075,34.48236,4532.155593
34,57,3.23699422,4.85,7.93,26.042555,35.75737,33.350075,4484.693365
33,57,3.373620599,4.85,8.06,27.23193,35.405315,32.512755,4517.827373
33,59,3.384130321,4.85,8.07,27.869435,36.623235,30.65733,4403.201615
32,55,3.047819233,4.85,7.75,25.072025,37.593765,32.48421,4311.859213
31,54,3.375039428,4.89,8.1,26.621289,37.682582,30.806129,4297.677712
31,54,3.368421053,5,8.2,26.524,35.9195,32.5565,4447.600338
33,47,3.473684211,5,8.3,28.177,27.5595,39.2635,5234.410098
32,50,3.926315789,5,8.73,29.6685,35.8815,29.45,4451.176746
32,50,3.736842105,5,8.55,32.1765,24.5955,38.228,5513.369922
33,48,3.684210526,5,8.5,31.274,22.8855,40.8405,5674.308282
33,54,4,5,8.8,28.6045,30.5235,35.872,4955.450274
33,52,4.105263158,5,8.9,28.291,34.6275,32.0815,4569.19821
33,52,4.052631579,5,8.85,28.9845,30.723,35.2925,4936.674132
32,51,3.947368421,5,8.75,27.7495,31.3405,35.91,4878.557502
32,47,3.368421053,5,8.2,22.8665,28.9465,43.187,5103.871206
32,42,3.894736842,5,8.7,30.229,32.832,31.939,4738.183488
34,36,4.210526316,5,9,26.1155,39.0925,29.792,4148.97027
34,36,3.473684211,5,8.3,24.9185,38.893,31.1885,4167.746412
35,40,3.578947368,5,8.4,26.125,37.6865,31.1885,4281.297366
35,42,3.578947368,5,8.4,27.5025,34.181,33.3165,4611.221004
33,59,3.578947368,5,8.4,29.507,28.348,37.145,5160.199632
32,61,3.20647603,4.88,7.93,26.719208,34.804408,33.596384,4570.015537
32,72,3.437762826,4.88,8.15,27.8226,33.10176,34.19564,4730.261956
32,63,4.289318755,4.88,8.96,28.355272,34.05296,32.711768,4640.738817
32,61,3.721614802,4.88,8.42,28.383808,32.464456,34.271736,4790.242459
32,60,3.879310345,4.88,8.57,27.356512,31.655936,36.107552,4866.337127
32,57,3.826745164,4.88,8.52,26.652624,34.756848,33.710528,4574.491694
32,62,3.8372582,4.88,8.53,27.575288,36.250232,31.29448,4433.940365
32,61,3.415659485,4.85,8.1,25.84274,35.367255,33.940005,4521.409428
32,72,3.258013663,4.85,7.95,26.96551,37.81261,30.37188,4291.262397
32,63,4.466631634,4.85,9.1,29.99128,30.35285,34.80587,4993.345169
32,61,3.415659485,4.85,8.1,28.31664,31.98943,34.84393,4839.316806
32,60,3.625853915,4.85,8.3,24.691425,37.81261,32.645965,4291.262397
32,57,3.678402522,4.85,8.35,30.6383,26.73715,37.77455,5333.640391
32,62,4.256437204,4.85,8.9,27.260475,36.95626,30.933265,4371.858634
32,64,3.5207567,4.85,8.2,28.14537,32.189245,34.815385,4820.511018
32,67,3.678402522,4.85,8.35,25.871285,35.081805,34.19691,4380
32,73,4.151339989,4.85,8.8,26.60394,32.61742,35.92864,4780.212899
32,75,3.73095113,4.85,8.4,26.01401,39.496765,29.639225,4132.756465
31,80,3.783499737,4.85,8.45,28.421305,38.145635,28.58306,4259.919416
32,79,3.31056227,4.85,8,25.719045,37.841155,31.5898,4288.575856
32,77,3.712663021,4.92,8.45,24.349988,36.833992,33.89602,4197
31,80,3.607488431,4.92,8.35,24.511624,38.117572,32.450804,4252.371394
31,80,3.344551956,4.92,8.1,24.05524,49.764872,21.259888,3156.174107
31,81,3.397139251,4.92,8.15,29.37972,34.770756,30.929524,4567.360328
31,79,3.40765671,4.92,8.16,25.500456,39.496232,30.083312,4122.617429
31,72,3.502313841,4.92,8.25,26.774528,40.475556,27.829916,4030.447372
31,80,3.975599495,4.92,8.7,26.793544,43.004684,25.281772,3792.415961
31,81,3.870424905,4.92,8.6,27.535168,39.210992,28.33384,4149.463077
31,85,3.765250316,4.92,8.5,28.409904,35.493364,31.176732,4499.351354
32,61,3.473684211,5,8.3,26.486,36.6415,31.8725,4379.648586
32,72,3.263157895,5,8.1,30.6565,27.816,36.5275,5210.269344
32,63,4.421052632,5,9.2,28.5095,33.4685,33.022,4678.278654
32,61,3.684210526,5,8.5,28.842,32.737,33.421,4747.124508
32,57,3.789473684,5,8.6,27.7685,27.721,39.5105,5219.210364
32,62,4,5,8.8,28.291,34.219,32.49,4607.644596
32,64,3.473684211,5,8.3,30.0485,26.904,38.0475,5296.103136
32,67,3.842105263,5,8.65,29.298,27.493,38.209,5240.668812
32,73,3.789473684,5,8.6,28.4335,30.438,36.1285,4963.497192
32,75,3.263157895,5,8.1,26.6285,36.385,31.9865,4403.78934
31,80,3.421052632,5,8.25,33.041,27.113,34.846,5276.432892
32,79,3.578947368,5,8.4,30.134,24.3865,40.4795,5533.040166
31,80,3.052631579,5,7.9,27.056,29.4595,38.4845,5055.589698
31,81,2.947368421,5,7.8,31.6065,29.146,34.2475,5085.095064
31,81,3.473684211,5,8.3,31.863,27.3125,35.8245,5257.65675
30,82,3.864378225,5.03,8.7,29.982029,31.928914,33.059057,4818.81153
30,85,3.864378225,5.03,8.7,29.72561,30.171969,35.072421,4984.168166
30,83,3.464251869,5.03,8.32,30.342915,34.103727,30.523358,4614.12683
31,86,3.337896178,5.03,8.2,29.098808,33.856805,32.014387,4637.366141
31,80,3.548488997,5.03,8.4,30.608831,30.285933,34.075236,4973.44233
31,81,3.495840792,5.03,8.35,27.759731,32.223321,34.986948,4791.103121
31,84,3.822259661,5.03,8.66,29.963035,27.997156,37.009809,5188.852866
31,85,3.390544382,5.03,8.25,31.083681,30.551849,33.33447,4948.41538
30,84,3.285247973,5.03,8.15,28.415024,33.391452,33.163524,4681.163304
30,82,3.864378225,5.03,8.7,27.845204,32.555716,34.56908,4759.819433
32,62,3.25640215,5.11,8.2,26.5692,40.375695,27.945105,4012.189489
32,64,4.099483613,5.11,9,26.75898,34.966965,33.164055,4521.237522
31,86,3.548488997,5.03,8.4,31.216639,27.740737,36.012624,5212.985997
32,79,3.653785406,5.03,8.5,29.811083,27.246893,37.912024,5259.464618
30,84,3.443192587,5.03,8.3,31.786459,29.811083,33.372458,5018.133312
31,79,2.074339265,5.03,7,28.699934,31.62501,34.645056,4847.413759
31,85,3.158892282,5.03,8.03,28.519491,33.42944,33.021069,4677.588025
32,73,3.337896178,5.03,8.2,26.21172,36.364013,32.394267,4401.397752
32,79,3.232599768,5.03,8.1,27.208905,34.958457,32.802638,4533.683061
31,81,3.337896178,5.03,8.2,32.983081,26.867013,35.119906,5295.217404
30,85,3.443192587,5.03,8.3,32.080866,30.361909,32.527225,4966.291773
30,87,4.443508476,5.03,9.25,26.705564,32.223321,36.041115,4791.103121
32,76,4.074971043,5.03,8.9,30.076999,32.555716,32.337285,4759.819433
30,89,4.204868795,5.11,9.1,30.677937,31.750194,32.461869,4823.987141
30,83,4.468331753,5.11,9.35,29.937795,30.962607,33.989598,4898.11168
31,87,3.951944357,5.11,8.86,29.406411,31.560414,33.923175,4841.848476
30,89,4.204868795,5.11,9.1,30.810783,30.829761,33.249456,4910.614614
31,81,3.99409843,5.11,8.9,27.451677,32.775006,34.663317,4727.535935
30,84,4.079266364,5.13,9,27.89178,38.479272,28.498948,4187.762036
31,79,3.826288605,5.13,8.76,24.628252,39.826426,30.415322,4060.973291
30,80,3.657636766,5.13,8.6,26.345399,37.530572,30.994029,4277.049886
30,80,3.844128489,5.05,8.7,25.873875,37.50525,31.570875,4291.077891
30,85,4.223275408,5.05,9.06,28.019745,36.394335,30.53592,4395.632767
30,85,4.054765666,5.05,8.9,27.089235,36.432315,31.42845,4392.058241
29,86,4.370721432,5.05,9.2,26.652465,39.40425,28.893285,4112.351607
29,90,4.402317009,5.05,9.23,29.292075,34.970085,30.68784,4529.67748
29,90,4.58135861,5.05,9.4,27.108225,38.9295,28.912275,4157.033178
30,90,4.602422328,5.05,9.42,26.15345,40.29678,28.49977,4028.350254
30,89,4.075829384,5.05,8.92,27.070245,39.51819,28.361565,4101.62803
30,90,4.075829384,5.05,8.92,28.304595,34.03008,32.615325,4618.146991
30,87,3.896787783,5.05,8.75,27.393075,37.628685,29.92824,4279.460683
30,86,4.072826773,4.98,8.85,29.256658,36.003078,29.760264,4442.645511
30,82,4.020206272,4.98,8.8,27.916876,39.224256,27.878868,4139.481122
30,85,3.830772469,4.98,8.62,26.615102,40.297982,28.106916,4038.426326
30,82,4.188591875,4.98,8.96,27.517792,40.155452,27.346756,4051.84068
31,79,3.88339297,4.98,8.67,26.092492,40.602046,28.325462,4009.809039
31,85,3.88339297,4.98,8.67,25.959464,39.594834,29.465702,4104.603803
30,81,4.125447274,4.98,8.9,26.539086,42.084358,26.396556,3870.299762
30,84,4.230688276,4.98,9,25.921456,42.654478,26.444066,3816.642349
29,87,4.335929278,4.98,9.1,25.60789,43.547666,25.864444,3732.579067
29,84,4.335929278,4.98,9.1,27.717334,36.592202,30.710464,4387.199517
31,77,3.791868549,5.06,8.66,28.121228,33.105578,33.713194,4703.701821
31,75,4.065725722,5.06,8.92,26.96296,35.725922,32.251118,4457.085525
31,77,3.939330103,5.06,8.8,25.899632,37.92853,31.111838,4249.784871
30,84,4.223720244,5.06,9.07,26.830044,38.488676,29.62128,4197.06617
31,79,4.318516958,5.06,9.16,28.330096,35.441102,31.168802,4483.891644
30,81,4.002527912,5.06,8.86,27.542094,35.6025,31.795406,4468.70151
30,90,4.434379608,5.06,9.27,28.396554,37.805108,28.738338,4261.400855
30,90,3.370549821,5.06,8.26,28.605422,35.241728,31.09285,4502.655928
30,84,3.662001473,4.97,8.45,26.475358,38.221066,30.333576,4235.352952
30,83,4.240766074,4.97,9,26.864981,38.183054,29.981965,4238.93049
30,81,3.567294539,4.97,8.36,26.256789,35.702771,33.07044,4472.364805
31,82,3.819846364,4.97,8.6,28.442479,38.012,28.575521,4255.029408
31,84,3.925076292,4.97,8.7,29.183713,33.963722,31.882565,4636.03714
31,86,3.430495633,4.97,8.23,26.285298,39.019318,29.725384,4160.224667
31,76,3.851415343,4.97,8.63,28.442479,35.35116,31.236361,4505.457025
31,84,3.746185415,4.97,8.53,26.047723,36.710089,32.272188,4377.560064
31,83,4.030306219,4.97,8.8,27.948323,36.58655,30.495127,4389.18706
32,85,3.504156582,4.97,8.3,28.290431,35.06607,31.673499,4532.288556
31,83,3.60938651,4.97,8.4,28.081365,34.144279,32.804356,4619.043838
32,80,3.714616437,4.97,8.5,26.408837,41.252523,27.36864,3950.044345
32,82,3.60938651,4.97,8.4,27.93882,34.505393,32.585787,4585.057232
31,77,3.977691255,4.97,8.75,27.216592,38.335102,29.478306,4224.62034
31,80,3.662001473,4.97,8.45,28.052856,37.413311,29.563833,4311.375622
32,80,3.556771546,4.97,8.35,27.805778,38.848264,28.375958,4176.323585
31,72,3.398926655,4.97,8.2,26.855478,41.993757,26.180765,3880.282366
31,70,4.036157242,4.86,8.7,27.06733,38.322392,29.750278,4241.828155
31,78,3.563170065,4.86,8.25,28.694224,34.478736,31.96704,4603.577683
31,72,4.141265503,4.86,8.8,27.97116,34.669016,32.499824,4585.66929
31,75,3.87849485,4.86,8.55,27.809422,39.86366,27.466918,4096.770175
31,72,3.773386588,4.86,8.45,27.371778,37.114114,30.654108,4355.546447
32,64,3.87849485,4.86,8.55,26.25864,39.064484,29.816876,4171.985424
31,65,4.193819634,4.86,8.85,27.200526,39.711436,28.228038,4111.096889
31,64,3.542148413,4.86,8.23,27.010246,40.091996,28.037758,4075.280104
31,72,3.510615934,4.86,8.2,25.849538,41.57618,27.714282,3935.594643
30,74,3.46857263,4.86,8.16,26.477462,38.541214,30.121324,4221.233503
31,75,4.036157242,4.86,8.7,26.201556,40.757976,28.180468,4012.600731
31,84,3.662001473,4.97,8.45,28.043353,40.606319,26.380328,4010.862481
31,83,3.819846364,4.97,8.6,26.142753,40.986439,27.900808,3975.087107
29,48,4.096638655,4.8,8.7,27.06536,40.72656,27.40808,4024.291079
29,45,3.728991597,4.8,8.35,24.58064,41.888,28.73136,3914.980992
29,52,3.571428571,4.8,8.2,24.92336,41.06928,29.20736,3992.035644
29,47,3.518907563,4.8,8.15,25.704,40.62184,28.87416,4034.146907
28,46,3.886554622,4.8,8.5,25.00904,42.09744,28.09352,3895.269337
28,46,3.644957983,4.8,8.27,25.25656,42.19264,27.7508,3886.309494
28,47,3.529411765,4.8,8.16,25.4184,40.6028,29.1788,4035.938875
28,47,3.518907563,4.8,8.15,23.9904,42.23072,28.97888,3882.725556
28,40,3.43487395,4.8,8.07,23.90472,40.65992,30.63536,4030.562969
28,40,3.571428571,4.8,8.2,24.66632,41.75472,28.77896,3927.524772
27,44,3.487394958,4.8,8.12,23.54296,41.72616,29.93088,3930.212725
27,46,3.781512605,4.8,8.4,23.67624,41.73568,29.78808,3929.316741
27,51,2.387714316,4.93,7.2,28.853745,29.034378,37.181877,5105.78968
27,48,2.545492795,4.93,7.35,26.705163,38.028,30.336837,4259.345952
25,53,2.598085621,4.93,7.4,24.404469,40.842072,29.823459,3994.496752
25,62,2.703271274,4.93,7.5,27.598821,39.672711,27.798468,4104.552332
26,57,2.913642579,4.93,7.7,30.641061,26.895303,37.533636,5307.110863
26,55,2.703271274,4.93,7.5,31.201974,28.435437,35.432589,5162.159611
25,55,3.124013885,4.93,7.9,28.121706,33.901962,33.046332,4647.672144
26,54,2.598085621,4.93,7.4,28.834731,27.769947,38.465322,5224.792868
26,55,3.229199537,4.93,8,27.960087,34.168158,32.941755,4622.618842
26,48,2.913642579,4.93,7.7,27.826989,36.31674,30.926271,4420.402898
25,49,2.913642579,4.93,7.7,29.148462,29.310081,36.611457,5079.841617
26,47,2.836134454,4.8,7.5,24.38072,42.14504,28.67424,3890.789415
26,47,3.124013885,4.93,7.9,27.389667,35.93646,31.743873,4456.193331
26,48,3.229199537,4.93,8,31.335072,27.389667,36.345261,5260.583301
26,48,3.124013885,4.93,7.9,29.443179,34.79562,30.831201,4563.564628
26,46,3.018828232,4.93,7.8,29.547756,31.135425,34.386819,4908.047541
26,45,3.965499106,4.93,8.7,31.021341,32.010069,32.03859,4825.729546
26,47,3.198653199,4.96,8,31.325184,28.340928,35.373888,5166.68762
27,46,2.462121212,4.96,7.3,29.148768,29.966112,35.92512,5013.731803
27,50,2.304292929,4.96,7.15,30.450816,27.409536,37.179648,5254.34651
27,56,3.724747475,4.96,8.5,29.852064,33.653664,31.534272,4666.674159
27,56,3.724747475,4.96,8.5,30.308256,31.420224,33.31152,4876.876598
26,69,2.567340067,4.96,7.4,29.975616,31.334688,33.729696,4884.926904
27,71,3.356481481,4.96,8.15,30.479328,30.089664,34.471008,5002.103583
26,53,3.409090909,4.96,8.2,31.486752,29.776032,33.777216,5031.621372
24,57,3.198653199,4.96,8,27.143424,30.31776,37.578816,4980.6361
24,47,3.303872054,4.96,8.1,32.712768,28.816128,33.511104,4755
24,52,3.198653199,4.96,8,25.99344,40.829184,28.217376,3991.342919
25,39,3.198653199,4.96,8,28.065312,34.413984,32.560704,4595.115882
24,42,3.052631579,5,7.9,28.842,34.314,31.844,4598.703576
24,41,2.736842105,5,7.6,25.764,35.492,33.744,4487.834928
24,41,3.578947368,5,8.4,29.317,28.861,36.822,5111.918124
25,45,2.736842105,5,7.6,28.5285,33.364,33.1075,4688.113776
25,44,2.368421053,5,7.25,29.6495,29.1175,36.233,5087.77737
25,54,2.789473684,5,7.65,26.638,28.3195,40.0425,5162.881938
25,55,2.263157895,5,7.15,29.564,29.9535,35.4825,5009.096394
25,54,2.947368421,5,7.8,28.272,33.915,32.813,4636.25586
25,57,3.294736842,5,8.13,27.5595,35.264,32.1765,4509.293376
25,53,3.368421053,5,8.2,29.4025,29.659,35.9385,5036.813556
25,54,2.526315789,5,7.4,29.184,31.1125,34.7035,4900.01595
26,47,2.421052632,5,7.3,28.367,35.131,31.502,4521.810804
27,49,3.052631579,5,7.9,30.324,29.3075,35.3685,5069.89533
26,55,3.105263158,5,7.95,30.4285,29.355,35.2165,5065.42482
27,58,3.157894737,5,8,28.5475,34.276,32.1765,4602.279984
28,46,3.052631579,5,7.9,28.0915,38.342,28.5665,4219.604328
25,39,3.084210526,5,7.93,29.754,35.891,29.355,4450.282644
25,38,2.736842105,5,7.6,28.804,32.946,33.25,4727.454264
25,40,3.578947368,5,8.4,29.013,36.651,29.336,4378.754484
26,53,3.010526316,5,7.86,28.4525,32.2715,34.276,4790.935506
26,48,3.052631579,5,7.9,31.1125,32.2335,31.654,4794.511914
27,34,2.90114991,5.21,7.96,29.508127,31.896835,33.385038,4795.629877
26,33,2.204873932,5.21,7.3,28.484395,33.678887,32.626718,4627.910271
27,41,3.048844815,5.21,8.1,28.873034,32.730987,33.185979,4717.122828
27,56,2.162675388,5.21,7.26,28.171588,31.09112,35.527292,4871.46055
28,51,2.479164469,5.21,7.56,29.66927,30.04843,35.0723,4969.594362
27,55,2.468614833,5.21,7.55,27.688159,35.024905,32.076936,4501.228441
27,56,2.468614833,5.21,7.55,32.996399,27.726075,34.067526,5188.165125
26,70,2.152125752,5.21,7.25,28.53179,32.655155,33.603055,4724.259832
27,63,2.521363013,5.21,7.6,31.498717,29.593438,33.697845,5012.416389
26,47,2.310370292,5.21,7.4,28.645538,30.52238,35.622082,4924.988084
28,51,2.755780805,5.29,7.9,24.207876,42.382725,28.119399,3797.095054
27,56,2.227853447,5.29,7.4,26.717691,42.6195,25.372809,3774.810738
25,54,2.521363013,5.21,7.6,28.465437,36.759562,29.565001,4337.969463
26,36,3.154341175,5.21,8.2,29.470211,31.688297,33.631492,4815.25664
26,34,2.521363013,5.21,7.6,30.209573,32.626718,31.953709,4726.936209
26,38,2.943348454,5.21,8,28.389605,31.261742,35.138653,4855.40229
27,39,2.310370292,5.21,7.4,25.356325,41.072507,28.361168,3932.052331
27,43,2.521363013,5.21,7.6,29.583959,28.692933,36.513108,5097.168318
28,41,2.732355734,5.21,7.8,28.673975,37.479966,28.636059,4270.16792
28,34,2.099377571,5.21,7.2,26.512763,38.503698,29.773539,4173.818359
29,51,2.732355734,5.21,7.8,28.15263,31.839961,34.797409,4800.982631
26,58,2.150991143,5.16,7.2,26.403456,34.701956,33.734588,4538.901109
26,55,3.521720793,5.16,8.5,25.6068,39.946608,29.286592,4045.295441
27,53,2.783635597,5.16,7.8,29.959956,29.997892,34.882152,4981.628797
27,51,2.46731337,5.16,7.5,25.198988,35.887456,33.753556,4427.326591
27,48,2.783635597,5.16,7.8,29.002072,34.019108,31.81882,4603.168031
27,37,2.625474483,5.16,7.65,30.083248,29.371948,35.384804,5040.540142
28,36,2.678194854,5.16,7.7,28.101092,33.203484,33.535424,4679.9313
28,30,2.361872628,5.16,7.4,27.257016,35.925392,31.657592,4423.756207
28,33,2.994517081,5.16,8,24.84808,41.568372,28.423548,3892.661501
31,29,3.205398566,5.16,8.2,25.682672,40.193192,28.964136,4022.087942
27,53,3.207427727,5.22,8.26,28.19705,35.608846,30.974104,4444.81465
27,37,3.492297953,5.22,8.53,27.135514,36.187004,31.457482,4390.400732
30,28,3.732602278,5.16,8.7,25.93874,40.610488,28.290772,3982.813711
30,28,3.627161535,5.16,8.6,28.964136,34.00014,31.875724,4604.953224
31,32,2.94179671,5.16,7.95,26.099968,40.174224,28.565808,4023.873134
31,44,3.574441164,5.16,8.55,26.725912,40.003512,28.110576,4039.939865
31,44,2.962884859,5.16,7.97,25.568864,44.318732,24.952404,3633.808619
31,42,2.361872628,5.16,7.4,25.028276,44.470476,25.341248,3619.527081
30,34,2.783635597,5.16,7.8,26.687976,35.84952,32.302504,4430.896976
30,31,2.889076339,5.16,7.9,29.049492,34.787312,31.003196,4530.867744
30,44,3.099957824,5.16,8.1,27.048368,37.679932,30.1117,4258.62592
30,48,3.627161535,5.16,8.6,26.944044,37.812708,30.083248,4246.129574
31,25,3.627161535,5.16,8.6,26.687976,36.295268,31.856756,4388.944957
30,30,2.985861996,5.22,8.05,25.619034,36.338652,32.822314,4376.128228
30,34,2.511078287,5.22,7.6,26.102412,36.660904,32.016684,4345.799159
30,35,2.682798527,4.95,7.5,27.707075,38.523765,28.81916,4209.775333
30,37,2.998421883,4.95,7.8,26.19578,39.97803,28.87619,4072.905729
29,48,2.367175171,4.95,7.2,27.41242,36.888905,30.748675,4363.641817
30,37,2.472382956,4.95,7.3,27.954205,35.47266,31.623135,4496.933131
31,37,2.314571278,4.95,7.15,25.007655,40.329715,29.71263,4039.806543
31,30,3.314045239,4.95,8.1,25.34033,42.88656,26.82311,3799.166519
31,25,2.682798527,4.95,7.5,27.16529,39.626345,28.258365,4106.004914
30,28,2.745923198,4.95,7.56,26.642515,38.83743,29.570055,4180.254438
31,36,2.893214098,4.95,7.7,27.39341,38.675845,28.980745,4195.462172
32,30,3.208837454,4.95,8,25.53043,40.79546,28.72411,3995.972487
34,36,4.536862004,4.78,9.1,30.70845,27.128178,37.383372,5307.027599
34,39,4.358328082,4.78,8.93,29.356326,26.118846,39.744828,5402.02189
34,36,4.116782189,4.78,8.7,27.718542,28.546956,38.954502,5173.497889
35,50,3.906742281,4.78,8.5,32.117706,27.594756,35.507538,5263.115144
35,46,3.486662466,4.78,8.1,28.489824,30.070476,36.6597,5030.110281
35,42,4.116782189,4.78,8.7,26.966304,33.460308,34.793388,4711.072852
33,57,3.381642512,4.78,8,31.641606,30.203784,33.37461,5017.563865
32,72,3.696702373,4.78,8.3,30.727494,27.880416,36.61209,5236.229968
32,73,3.801722327,4.78,8.4,29.80386,26.918694,38.497446,5326.743395
32,79,3.539172443,4.78,8.15,29.965734,29.80386,35.450406,5055.203112
32,77,4.536862004,4.78,9.1,28.385082,27.66141,39.173508,5256.841936
31,81,3.696702373,4.78,8.3,27.118656,29.527722,38.573622,5081.192116
31,79,3.59168242,4.78,8.2,31.679694,26.547336,36.99297,5361.694125
31,72,3.276622558,4.78,7.9,30.927456,26.242632,38.049912,5390.371647
31,80,3.801722327,4.78,8.4,34.412508,26.499726,34.307766,5366.174988
31,81,3.906742281,4.78,8.5,34.974306,26.975826,33.269868,5321.36636
30,82,3.836048345,4.85,8.5,32.246335,28.67821,34.225455,5150.955588
30,85,3.94114556,4.85,8.6,31.618345,29.258625,34.27303,5096.32925
30,83,3.94114556,4.85,8.6,34.31109,27.431745,33.407165,5268.267888
31,80,3.5207567,4.85,8.2,32.626935,28.440335,34.08273,5173.343431
31,81,3.94114556,4.85,8.6,28.39276,30.8286,35.92864,4948.569482
31,85,3.31056227,4.85,8,29.201535,32.86481,33.083655,4756.929542
30,84,3.73095113,4.85,8.4,31.03793,29.95322,34.15885,5030.956746
30,82,3.94114556,4.85,8.6,28.192945,30.08643,36.870625,5018.419554
31,86,3.5207567,4.85,8.2,33.844855,27.68865,33.616495,5244.089017
32,79,3.73095113,4.85,8.4,27.9741,35.005685,32.170215,4555.438951
30,84,3.94114556,4.85,8.6,33.825825,27.755255,33.56892,5237.82042
31,79,4.046242775,4.85,8.7,32.988505,27.70768,34.453815,5242.297989
32,73,3.73095113,4.85,8.4,29.21105,29.8771,36.06185,5038.120856
31,78,4.466631634,4.85,9.1,30.552665,24.91027,39.687065,5505.579029
32,79,4.571728849,4.85,9.2,29.582135,28.27858,37.289285,5188.567165
31,81,4.519180242,4.85,9.15,26.8323,31.389985,36.927715,4895.734172
30,85,4.887020494,4.85,9.5,32.02749,29.78195,33.34056,5047.075994
32,76,4.256437204,4.85,8.9,26.670545,29.943705,38.53575,5031.85226
32,76,4.308985812,4.85,8.95,29.09687,31.294835,34.758295,4904.689309
30,89,4.230688276,4.98,9,32.87692,30.510922,31.632158,4959.545265
30,83,4.493790781,4.98,9.25,31.26158,27.574804,36.183616,5235.880947
31,87,4.388549779,4.98,9.15,31.936222,29.161638,33.92214,5086.534478
30,89,4.335929278,4.98,9.1,29.465702,33.180984,32.373314,4708.24971
31,81,4.335929278,4.98,9.1,29.940802,27.945382,37.133816,5201.003628
31,79,4.283308777,4.98,9.05,29.418192,28.629526,36.972282,5136.614731
30,78,4.188591875,4.98,8.96,32.183274,29.541718,33.295008,5050.762869
30,75,4.230688276,4.98,9,32.06925,27.498788,35.451962,5243.035269
31,72,4.44117028,4.98,9.2,28.087912,33.06696,33.865128,4718.981193
32,76,4.230688276,4.98,9,32.382816,26.453568,36.183616,5341.407194
32,74,4.51626487,5.01,9.3,34.063414,25.324334,35.602252,5443.319381
32,73,4.726813349,5.01,9.5,32.524576,26.720687,35.744737,5311.900222
32,74,4.200442152,5.01,9,29.484896,33.037522,32.467582,4717.384979
31,79,3.779345194,5.01,8.6,29.589385,35.478765,29.92185,4487.624953
30,80,4.200442152,5.01,9,25.93227,41.719608,27.338122,3900.261773
30,85,4.095167912,5.01,8.9,31.375197,32.942532,30.672271,4726.325058
29,86,4.726813349,5.01,9.5,30.102331,27.442611,37.445058,5243.955623
29,90,4.832087588,5.01,9.6,32.819045,26.948663,35.222292,5290.444033
29,90,4.194772344,5.12,9.1,29.849248,27.202096,37.828656,5250.580333
26,54,2.930016863,5.12,7.9,31.26296,26.414592,37.202448,5324.697059
26,55,3.035413153,5.12,8,30.589312,29.355872,34.934816,5047.875551
26,48,3.140809444,5.12,8.1,31.870192,27.84728,35.162528,5189.858196
25,49,2.613827993,5.12,7.6,29.963104,27.486736,37.43016,5223.791155
26,47,3.246205734,5.12,8.2,30.513408,27.733424,36.633168,5200.573867
26,48,2.824620573,5.12,7.8,30.5988,27.866256,36.414944,5188.07225
26,46,2.824620573,5.12,7.8,32.59128,28.89096,33.39776,5091.631209
26,45,2.824620573,5.12,7.8,32.316128,29.308432,33.25544,5052.340414
26,47,3.035413153,5.12,8,33.796256,26.822576,34.261168,5286.299237
26,47,3.052631579,5,7.9,31.369,27.474,36.157,5242.457016
27,46,3.368421053,5,8.2,30.5995,28.9465,35.454,5103.871206
27,50,3.368421053,5,8.2,30.191,29.3835,35.4255,5062.742514
27,56,3.263157895,5,8.1,33.877,28.576,32.547,5138.741184
27,56,3.473684211,5,8.3,30.2575,33.421,31.3215,4682.749164
26,69,3.526315789,5,8.35,30.6565,32.0055,32.338,4815.970362
27,71,2.736842105,5,7.6,31.6065,30.704,32.6895,4938.462336
27,71,3.263157895,5,8.1,27.6735,31.8915,35.435,4826.699586
26,53,3.052631579,5,7.9,29.298,31.9295,33.7725,4823.123178
24,57,3.473684211,5,8.3,30.4,29.925,34.675,5011.7787
24,47,3.473684211,5,8.3,26.6475,30.666,37.6865,4942.038744
24,52,2.947368421,5,7.8,30.115,30.134,34.751,4992.108456
25,39,3.157894737,5,8,30.096,28.5285,36.3755,5143.211694
24,42,2.862555252,4.98,7.7,32.439828,29.36118,33.218992,5067.754383
24,41,3.178278257,4.98,8,31.223572,28.021398,35.77503,5193.849306
24,41,3.33613976,4.98,8.15,31.765186,28.230442,35.024372,5174.174921
25,45,3.809724269,4.98,8.6,30.824488,30.891002,33.30451,4923.773656
25,44,3.704483267,4.98,8.5,31.109548,31.584648,32.325804,4858.490469
25,54,3.599242265,4.98,8.4,26.254026,28.64853,40.117444,5134.826151
25,55,2.336350242,4.98,7.2,31.613154,26.966676,36.44017,5293.115522
26,55,2.967796253,4.98,7.8,31.375604,27.232732,36.411664,5268.075395
27,58,2.862555252,4.98,7.7,32.743892,27.897872,34.378236,5205.475079
28,50,3.388760261,4.98,8.2,35.936564,25.484364,33.599072,5432.624798
28,50,3.178278257,4.98,8,31.92672,29.047614,34.045666,5097.265961
28,54,2.820458851,4.98,7.66,31.850704,29.02861,34.140686,5099.054541
28,39,3.073037255,4.98,7.9,30.69146,32.705884,31.622656,4752.964221
28,42,3.103229892,5.26,8.2,33.481116,28.251468,33.007416,5131.439238
28,46,2.469917669,5.26,7.6,30.64839,30.36417,33.72744,4932.600176
25,39,2.892125818,5.26,8,31.017876,28.933596,34.788528,5067.240079
25,38,2.892125818,5.26,8,30.638916,31.444206,32.656878,4830.951508
25,40,2.786573781,5.26,7.9,29.918892,28.696746,36.124362,5089.531453
26,33,2.892125818,5.26,8,30.004158,29.018862,35.71698,5059.215184
26,39,3.379091869,5.3,8.5,31.29835,27.59558,35.80607,5187.346393
26,32,3.062302006,5.3,8.2,28.2206,33.27758,33.20182,4652.579281
27,39,2.956705385,5.3,8.1,27.88915,31.23206,35.57879,4845.095441
25,54,3.062302006,5.3,8.2,31.49722,27.21678,35.986,5222.997534
26,36,3.273495248,5.3,8.4,32.2927,27.0842,35.3231,5235.475433
26,34,2.639915523,5.3,7.8,30.22824,31.00478,33.46698,4866.486126
27,39,3.062302006,5.3,8.2,28.47629,33.57115,32.65256,4624.949647
28,41,3.167898627,5.3,8.3,27.1789,31.05213,36.46897,4862.029733
28,37,2.851108765,5.3,8,28.15431,29.39488,37.15081,5018.003474
29,51,3.167898627,5.3,8.3,26.63911,31.93284,36.12805,4779.140831
26,58,3.116745906,5.35,8.3,30.4773,30.17442,33.99828,4937.358287
26,55,3.856312731,5.35,9,30.78018,28.253025,35.616795,5118.192299
27,48,3.645007924,5.35,8.8,29.09541,31.85919,33.6954,4778.794474
30,34,3.433703117,5.35,8.6,27.476895,30.903225,36.26988,4868.766076
26,39,3.290445054,5.18,8.3,27.014218,40.592442,27.21334,3981.600929
26,32,2.183083738,5.18,7.25,25.55399,42.725892,26.540118,3780.809149
27,39,2.394009703,5.18,7.45,25.525544,43.256884,26.037572,3730.834305
25,54,2.130352246,5.18,7.2,25.866896,40.165752,28.787352,4021.759285
26,36,2.235815229,5.18,7.3,27.137484,35.481644,32.200872,4462.608793
26,34,2.299093018,5.18,7.36,26.97629,37.605612,30.238098,4262.709421
26,38,2.552204176,5.18,7.6,26.672866,39.87181,28.275324,4049.42393
27,39,2.299093018,5.18,7.36,25.724666,43.503416,25.591918,3707.6317
27,43,2.573296773,5.18,7.62,27.440908,38.800344,28.578748,4150.266024
28,41,2.657667159,5.18,7.7,27.763296,40.080414,26.97629,4029.790956
28,34,2.552204176,5.18,7.6,26.45478,37.510792,30.854428,4271.6335
28,37,2.583843071,5.18,7.63,27.365052,37.946964,29.507984,4230.582736
29,51,2.657667159,5.18,7.7,27.109038,34.296394,33.414568,4574.159782
26,58,2.458843394,5.24,7.57,28.683852,34.416832,31.659316,4554.091039
26,55,3.303081469,5.24,8.37,27.688872,35.715044,31.356084,4431.908519
27,53,3.334740397,5.24,8.4,27.2435,38.301992,29.214508,4188.435321
27,51,3.493035036,5.24,8.55,26.7697,35.895088,32.095212,4414.963498
27,48,2.986492191,5.24,8.07,26.921316,37.164872,30.673812,4295.456507
27,37,2.458843394,5.24,7.57,27.2435,38.320944,29.195556,4186.651634
28,36,2.75432672,5.24,7.85,26.930792,38.775792,29.053416,4143.84316
28,30,2.596032081,5.24,7.7,26.419088,37.250156,31.090756,4287.429918
28,33,2.8070916,5.24,7.9,27.992104,35.506572,31.261324,4451.52907
31,32,3.14478683,5.24,8.22,27.81206,34.123076,32.824864,4581.738179
32,25,3.53935552,5.35,8.7,27.420105,32.181,35.048895,4748.507004
31,28,3.750660328,5.35,8.9,30.17442,29.43615,35.03943,5006.841307
29,26,3.433703117,5.35,8.6,26.74809,31.281825,36.620085,4833.133758
29,30,3.645007924,5.35,8.8,29.540265,32.569065,32.54067,4711.983878
30,28,3.22239831,5.35,8.4,28.726275,32.57853,33.345195,4711.093071
31,32,2.535657686,5.35,7.75,29.275245,33.39252,31.982235,4634.483588
31,44,3.53935552,5.35,8.7,29.75796,29.786355,35.105685,4973.881413
31,42,3.516204194,5.58,8.9,29.241874,32.131126,33.047,4719.722145
30,48,2.98665537,5.58,8.4,27.495104,31.385208,35.539688,4789.924964
30,42,2.880745605,5.58,8.3,28.033298,34.189482,32.19722,4525.997912
30,34,2.880745605,5.58,8.3,24.369802,38.089028,31.96117,4158.988241
30,35,3.410294429,5.58,8.8,29.2702,27.986088,37.163712,5109.836542
30,48,3.092565135,5.58,8.5,29.45904,28.580934,36.380026,5053.852016
30,37,2.880745605,5.58,8.3,27.825574,33.61352,32.980906,4580.205152
31,25,2.77483584,5.58,8.2,25.701124,34.4633,34.255576,4500.227257
30,28,3.198474899,5.58,8.6,29.817836,33.415238,31.186926,4598.86666
31,36,3.198474899,5.58,8.6,30.11998,31.876192,32.423828,4743.715514
32,30,2.880745605,5.58,8.3,31.611816,30.837572,31.970612,4841.466274
29,26,2.596032081,5.24,7.7,26.949744,36.226748,31.583508,4383.748985
29,30,3.123680878,5.24,8.2,28.200576,35.459192,31.100232,4455.988286
30,28,2.522161249,5.24,7.63,26.115856,38.102996,30.541148,4207.164028
30,28,3.123680878,5.24,8.2,28.598568,37.553388,28.608044,4258.890935
31,32,3.545799916,5.24,8.6,28.371144,34.691636,31.69722,4528.227586
31,37,2.458843394,5.24,7.57,26.419088,37.013256,31.327656,4309.725998
31,30,2.437737442,5.24,7.55,26.43804,38.690508,29.631452,4151.869749
31,25,2.02617138,5.24,7.16,27.167692,37.174348,30.41796,4294.564664
30,28,3.018151119,5.24,8.1,26.286424,38.747364,29.726212,4146.51869
31,36,2.068383284,5.24,7.2,28.23848,36.492076,30.029444,4358.777375
32,30,2.522161249,5.24,7.63,28.598568,34.407356,31.754076,4554.982883
